{
  "name": "t:sections.footer.name",
  "type": "footer",
  "sections": {
    "pagefly_section_zHcDC4": {
      "type": "pagefly-section",
      "settings": {
        "section_id": "pf-f2a37a95"
      }
    },
    "footer": {
      "type": "footer",
      "blocks": {
        "link_list_nP4dyK": {
          "type": "link_list",
          "settings": {
            "heading": "Weitere Links",
            "menu": "footer"
          }
        }
      },
      "block_order": [
        "link_list_nP4dyK"
      ],
      "settings": {
        "color_scheme": "accent-1",
        "newsletter_enable": false,
        "newsletter_heading": "Melde dich zum Newsletter an",
        "enable_follow_on_shop": true,
        "show_social": true,
        "enable_country_selector": true,
        "enable_language_selector": true,
        "payment_enable": true,
        "show_policy": false,
        "margin_top": 0,
        "padding_top": 36,
        "padding_bottom": 100
      }
    }
  },
  "order": [
    "pagefly_section_zHcDC4",
    "footer"
  ]
}