{
  "name": "t:sections.header.name",
  "type": "header",
  "sections": {
    "pagefly_section_7CpFph": {
      "type": "pagefly-section",
      "settings": {
        "section_id": "pf-74955a98"
      }
    },
    "header": {
      "type": "header",
      "settings": {
        "logo_position": "middle-left",
        "menu": "main-menu",
        "menu_type_desktop": "dropdown",
        "sticky_header_type": "always",
        "show_line_separator": true,
        "color_scheme": "accent-1",
        "menu_color_scheme": "accent-1",
        "enable_country_selector": true,
        "enable_language_selector": true,
        "mobile_logo_position": "center",
        "margin_bottom": 0,
        "padding_top": 12,
        "padding_bottom": 12
      }
    },
    "pagefly_section_ELg4qg": {
      "type": "pagefly-section",
      "disabled": true,
      "settings": {
        "section_id": "pf-750ca336"
      }
    }
  },
  "order": [
    "pagefly_section_7CpFph",
    "header",
    "pagefly_section_ELg4qg"
  ]
}